{
  "avg_sen_len": [
    18.28168259162631, 
    3.2609482247755475
  ], 
  "tri_ent": [
    6.521040000000003, 
    0.43877684350931717
  ], 
  "w2v_max_sim": [
    185.6052929918698, 
    48.27130835177269
  ], 
  "w2v_avg_sim": [
    1.8761954620327925, 
    2.7588944423967248
  ], 
  "quad_ent": [
    6.6029400000000065, 
    0.43542250332292204
  ], 
  "tri_ppl": [
    96.52123999999998, 
    33.55039956635985
  ], 
  "quad_ppl": [
    101.82859999999995, 
    32.62131830322002
  ]
}