{
  "avg_sen_len": [
    18.28168259162631, 
    3.2609482247755475
  ], 
  "tri_ent": [
    6.521040000000003, 
    0.43877684350931717
  ], 
  "pos-quad_ppl": [
    7.339070000000014, 
    0.4746036610688963
  ], 
  "pos-quad_ent": [
    2.872459999999997, 
    0.09330567185332296
  ], 
  "w2v_cont_avg": [
    5.5812142545538643, 
    4.265181652802343
  ], 
  "pos-tri_ppl": [
    7.422740000000011, 
    0.4581186444579613
  ], 
  "w2v_cont_dif": [
    1405.6192805633714, 
    65700.704309905
  ], 
  "quad_ent": [
    6.6029400000000065, 
    0.43542250332292204
  ], 
  "tri_ppl": [
    96.52123999999998, 
    33.55039956635985
  ], 
  "pos-tri_ent": [
    2.889089999999999, 
    0.0890936131268681
  ], 
  "quad_ppl": [
    101.82859999999995, 
    32.62131830322002
  ]
}