{
  "quad_ppl": [
    101.82859999999995, 
    32.62131830322002
  ], 
  "quad_ent": [
    6.6029400000000065, 
    0.43542250332292204
  ]
}